filename,object_location,image_small,image_thumb
kylvlou_18610116_2_1.jpg,/objects/kylvlou_18610116_2_1.jpg,/objects/small/kylvlou_18610116_2_1_sm.jpg,/objects/thumbs/kylvlou_18610116_2_1_th.jpg
kylvlou_18610119_2_1.jpg,/objects/kylvlou_18610119_2_1.jpg,/objects/small/kylvlou_18610119_2_1_sm.jpg,/objects/thumbs/kylvlou_18610119_2_1_th.jpg
kylvlou_18610122_2_1.jpg,/objects/kylvlou_18610122_2_1.jpg,/objects/small/kylvlou_18610122_2_1_sm.jpg,/objects/thumbs/kylvlou_18610122_2_1_th.jpg
kylvlou_18610123_2_1.jpg,/objects/kylvlou_18610123_2_1.jpg,/objects/small/kylvlou_18610123_2_1_sm.jpg,/objects/thumbs/kylvlou_18610123_2_1_th.jpg
kylvlou_18610124_3_1.jpg,/objects/kylvlou_18610124_3_1.jpg,/objects/small/kylvlou_18610124_3_1_sm.jpg,/objects/thumbs/kylvlou_18610124_3_1_th.jpg
kylvlou_18610125_2_1.jpg,/objects/kylvlou_18610125_2_1.jpg,/objects/small/kylvlou_18610125_2_1_sm.jpg,/objects/thumbs/kylvlou_18610125_2_1_th.jpg
kylvlou_18610126_2_1.jpg,/objects/kylvlou_18610126_2_1.jpg,/objects/small/kylvlou_18610126_2_1_sm.jpg,/objects/thumbs/kylvlou_18610126_2_1_th.jpg
kylvlwj_18580106_04_01.jpg,/objects/kylvlwj_18580106_04_01.jpg,/objects/small/kylvlwj_18580106_04_01_sm.jpg,/objects/thumbs/kylvlwj_18580106_04_01_th.jpg
kylvlwj_18580113_04_01.jpg,/objects/kylvlwj_18580113_04_01.jpg,/objects/small/kylvlwj_18580113_04_01_sm.jpg,/objects/thumbs/kylvlwj_18580113_04_01_th.jpg
kylvlwj_18580120_04_02.jpg,/objects/kylvlwj_18580120_04_02.jpg,/objects/small/kylvlwj_18580120_04_02_sm.jpg,/objects/thumbs/kylvlwj_18580120_04_02_th.jpg
kylvlwj_18600104_4_1.jpg,/objects/kylvlwj_18600104_4_1.jpg,/objects/small/kylvlwj_18600104_4_1_sm.jpg,/objects/thumbs/kylvlwj_18600104_4_1_th.jpg
kylvlwj_18600111_4_1.jpg,/objects/kylvlwj_18600111_4_1.jpg,/objects/small/kylvlwj_18600111_4_1_sm.jpg,/objects/thumbs/kylvlwj_18600111_4_1_th.jpg
kylvlwj_18600118_4_1.jpg,/objects/kylvlwj_18600118_4_1.jpg,/objects/small/kylvlwj_18600118_4_1_sm.jpg,/objects/thumbs/kylvlwj_18600118_4_1_th.jpg
kylvlwj_18600125_4_1.jpg,/objects/kylvlwj_18600125_4_1.jpg,/objects/small/kylvlwj_18600125_4_1_sm.jpg,/objects/thumbs/kylvlwj_18600125_4_1_th.jpg
kylvlwj_18600201_3_1.jpg,/objects/kylvlwj_18600201_3_1.jpg,/objects/small/kylvlwj_18600201_3_1_sm.jpg,/objects/thumbs/kylvlwj_18600201_3_1_th.jpg
kylvlwj_18600201_4_1.jpg,/objects/kylvlwj_18600201_4_1.jpg,/objects/small/kylvlwj_18600201_4_1_sm.jpg,/objects/thumbs/kylvlwj_18600201_4_1_th.jpg
kylvlwj_18600208_3_1.jpg,/objects/kylvlwj_18600208_3_1.jpg,/objects/small/kylvlwj_18600208_3_1_sm.jpg,/objects/thumbs/kylvlwj_18600208_3_1_th.jpg
kylvlwj_18600208_4_1.jpg,/objects/kylvlwj_18600208_4_1.jpg,/objects/small/kylvlwj_18600208_4_1_sm.jpg,/objects/thumbs/kylvlwj_18600208_4_1_th.jpg
kylvlwj_18600208_4_2.jpg,/objects/kylvlwj_18600208_4_2.jpg,/objects/small/kylvlwj_18600208_4_2_sm.jpg,/objects/thumbs/kylvlwj_18600208_4_2_th.jpg
kylvlwj_18600215_3_1.jpg,/objects/kylvlwj_18600215_3_1.jpg,/objects/small/kylvlwj_18600215_3_1_sm.jpg,/objects/thumbs/kylvlwj_18600215_3_1_th.jpg
kylvlwj_18600215_4_1.jpg,/objects/kylvlwj_18600215_4_1.jpg,/objects/small/kylvlwj_18600215_4_1_sm.jpg,/objects/thumbs/kylvlwj_18600215_4_1_th.jpg
kylvlwj_18600215_4_2.jpg,/objects/kylvlwj_18600215_4_2.jpg,/objects/small/kylvlwj_18600215_4_2_sm.jpg,/objects/thumbs/kylvlwj_18600215_4_2_th.jpg
kylvlwj_18600222_3_1.jpg,/objects/kylvlwj_18600222_3_1.jpg,/objects/small/kylvlwj_18600222_3_1_sm.jpg,/objects/thumbs/kylvlwj_18600222_3_1_th.jpg
kylvlwj_18600222_4_1.jpg,/objects/kylvlwj_18600222_4_1.jpg,/objects/small/kylvlwj_18600222_4_1_sm.jpg,/objects/thumbs/kylvlwj_18600222_4_1_th.jpg
kylvlwj_18600222_4_2.jpg,/objects/kylvlwj_18600222_4_2.jpg,/objects/small/kylvlwj_18600222_4_2_sm.jpg,/objects/thumbs/kylvlwj_18600222_4_2_th.jpg
kylvlwj_18600222_4_3.jpg,/objects/kylvlwj_18600222_4_3.jpg,/objects/small/kylvlwj_18600222_4_3_sm.jpg,/objects/thumbs/kylvlwj_18600222_4_3_th.jpg
kylvlwj_18600229_4_1.jpg,/objects/kylvlwj_18600229_4_1.jpg,/objects/small/kylvlwj_18600229_4_1_sm.jpg,/objects/thumbs/kylvlwj_18600229_4_1_th.jpg
kylvlwj_18600229_4_2.jpg,/objects/kylvlwj_18600229_4_2.jpg,/objects/small/kylvlwj_18600229_4_2_sm.jpg,/objects/thumbs/kylvlwj_18600229_4_2_th.jpg
kylvlwj_18600229_4_3.jpg,/objects/kylvlwj_18600229_4_3.jpg,/objects/small/kylvlwj_18600229_4_3_sm.jpg,/objects/thumbs/kylvlwj_18600229_4_3_th.jpg
kylvlwj_18600229_4_4.jpg,/objects/kylvlwj_18600229_4_4.jpg,/objects/small/kylvlwj_18600229_4_4_sm.jpg,/objects/thumbs/kylvlwj_18600229_4_4_th.jpg
kylvlwj_18640920_04_01.jpg,/objects/kylvlwj_18640920_04_01.jpg,/objects/small/kylvlwj_18640920_04_01_sm.jpg,/objects/thumbs/kylvlwj_18640920_04_01_th.jpg
kylvlwj_18640927_04_01.jpg,/objects/kylvlwj_18640927_04_01.jpg,/objects/small/kylvlwj_18640927_04_01_sm.jpg,/objects/thumbs/kylvlwj_18640927_04_01_th.jpg
kylvlwj_18641025_03_01.jpg,/objects/kylvlwj_18641025_03_01.jpg,/objects/small/kylvlwj_18641025_03_01_sm.jpg,/objects/thumbs/kylvlwj_18641025_03_01_th.jpg
kylvlwj_18641101_04_01.jpg,/objects/kylvlwj_18641101_04_01.jpg,/objects/small/kylvlwj_18641101_04_01_sm.jpg,/objects/thumbs/kylvlwj_18641101_04_01_th.jpg
kylvlwj_18641108_04_01.jpg,/objects/kylvlwj_18641108_04_01.jpg,/objects/small/kylvlwj_18641108_04_01_sm.jpg,/objects/thumbs/kylvlwj_18641108_04_01_th.jpg
kylvlwj_18641115_04_01.jpg,/objects/kylvlwj_18641115_04_01.jpg,/objects/small/kylvlwj_18641115_04_01_sm.jpg,/objects/thumbs/kylvlwj_18641115_04_01_th.jpg
kylvlwj_18641206_03_01.jpg,/objects/kylvlwj_18641206_03_01.jpg,/objects/small/kylvlwj_18641206_03_01_sm.jpg,/objects/thumbs/kylvlwj_18641206_03_01_th.jpg
kylvlwj_18641213_04_01.jpg,/objects/kylvlwj_18641213_04_01.jpg,/objects/small/kylvlwj_18641213_04_01_sm.jpg,/objects/thumbs/kylvlwj_18641213_04_01_th.jpg
kylvlwj_18641220_04_01.jpg,/objects/kylvlwj_18641220_04_01.jpg,/objects/small/kylvlwj_18641220_04_01_sm.jpg,/objects/thumbs/kylvlwj_18641220_04_01_th.jpg
kylvlwj_18641227_05_01.jpg,/objects/kylvlwj_18641227_05_01.jpg,/objects/small/kylvlwj_18641227_05_01_sm.jpg,/objects/thumbs/kylvlwj_18641227_05_01_th.jpg
kylvlwj_18650214_4_1.jpg,/objects/kylvlwj_18650214_4_1.jpg,/objects/small/kylvlwj_18650214_4_1_sm.jpg,/objects/thumbs/kylvlwj_18650214_4_1_th.jpg
kylvlwj_18650214_4_2.jpg,/objects/kylvlwj_18650214_4_2.jpg,/objects/small/kylvlwj_18650214_4_2_sm.jpg,/objects/thumbs/kylvlwj_18650214_4_2_th.jpg
kylvlwj_18650221_4_1.jpg,/objects/kylvlwj_18650221_4_1.jpg,/objects/small/kylvlwj_18650221_4_1_sm.jpg,/objects/thumbs/kylvlwj_18650221_4_1_th.jpg
kylvlwj_18650228_3_1.jpg,/objects/kylvlwj_18650228_3_1.jpg,/objects/small/kylvlwj_18650228_3_1_sm.jpg,/objects/thumbs/kylvlwj_18650228_3_1_th.jpg
kylvlwj_18650228_4_1.jpg,/objects/kylvlwj_18650228_4_1.jpg,/objects/small/kylvlwj_18650228_4_1_sm.jpg,/objects/thumbs/kylvlwj_18650228_4_1_th.jpg
kylvlwj_18650307_4_1.jpg,/objects/kylvlwj_18650307_4_1.jpg,/objects/small/kylvlwj_18650307_4_1_sm.jpg,/objects/thumbs/kylvlwj_18650307_4_1_th.jpg
kylvlwj_18650314_4_1.jpg,/objects/kylvlwj_18650314_4_1.jpg,/objects/small/kylvlwj_18650314_4_1_sm.jpg,/objects/thumbs/kylvlwj_18650314_4_1_th.jpg
kylvlwj_18651121_3_1.jpg,/objects/kylvlwj_18651121_3_1.jpg,/objects/small/kylvlwj_18651121_3_1_sm.jpg,/objects/thumbs/kylvlwj_18651121_3_1_th.jpg
kylvlwj_18651219_4_1.jpg,/objects/kylvlwj_18651219_4_1.jpg,/objects/small/kylvlwj_18651219_4_1_sm.jpg,/objects/thumbs/kylvlwj_18651219_4_1_th.jpg
kylvlwj_18651226_4_1.jpg,/objects/kylvlwj_18651226_4_1.jpg,/objects/small/kylvlwj_18651226_4_1_sm.jpg,/objects/thumbs/kylvlwj_18651226_4_1_th.jpg
kylxkee_18190101_4_1.jpg,/objects/kylxkee_18190101_4_1.jpg,/objects/small/kylxkee_18190101_4_1_sm.jpg,/objects/thumbs/kylxkee_18190101_4_1_th.jpg
kylxkee_18190108_4_1.jpg,/objects/kylxkee_18190108_4_1.jpg,/objects/small/kylxkee_18190108_4_1_sm.jpg,/objects/thumbs/kylxkee_18190108_4_1_th.jpg
kylxkee_18190219_1_1.jpg,/objects/kylxkee_18190219_1_1.jpg,/objects/small/kylxkee_18190219_1_1_sm.jpg,/objects/thumbs/kylxkee_18190219_1_1_th.jpg
kylxkee_18190226_3_1.jpg,/objects/kylxkee_18190226_3_1.jpg,/objects/small/kylxkee_18190226_3_1_sm.jpg,/objects/thumbs/kylxkee_18190226_3_1_th.jpg
kylxkee_18190305_2_1.jpg,/objects/kylxkee_18190305_2_1.jpg,/objects/small/kylxkee_18190305_2_1_sm.jpg,/objects/thumbs/kylxkee_18190305_2_1_th.jpg
kylxkee_18190312_4_1.jpg,/objects/kylxkee_18190312_4_1.jpg,/objects/small/kylxkee_18190312_4_1_sm.jpg,/objects/thumbs/kylxkee_18190312_4_1_th.jpg
kylxkee_18190319_4_1.jpg,/objects/kylxkee_18190319_4_1.jpg,/objects/small/kylxkee_18190319_4_1_sm.jpg,/objects/thumbs/kylxkee_18190319_4_1_th.jpg
kylxkee_18190326_2_1.jpg,/objects/kylxkee_18190326_2_1.jpg,/objects/small/kylxkee_18190326_2_1_sm.jpg,/objects/thumbs/kylxkee_18190326_2_1_th.jpg
kylxkee_18190402_3_1.jpg,/objects/kylxkee_18190402_3_1.jpg,/objects/small/kylxkee_18190402_3_1_sm.jpg,/objects/thumbs/kylxkee_18190402_3_1_th.jpg
kylxkee_18190409_4_1.jpg,/objects/kylxkee_18190409_4_1.jpg,/objects/small/kylxkee_18190409_4_1_sm.jpg,/objects/thumbs/kylxkee_18190409_4_1_th.jpg
kylxkee_18190416_3_1.jpg,/objects/kylxkee_18190416_3_1.jpg,/objects/small/kylxkee_18190416_3_1_sm.jpg,/objects/thumbs/kylxkee_18190416_3_1_th.jpg
kylxkee_18190416_4_1.jpg,/objects/kylxkee_18190416_4_1.jpg,/objects/small/kylxkee_18190416_4_1_sm.jpg,/objects/thumbs/kylxkee_18190416_4_1_th.jpg
kylxkee_18190428_1_1.jpg,/objects/kylxkee_18190428_1_1.jpg,/objects/small/kylxkee_18190428_1_1_sm.jpg,/objects/thumbs/kylxkee_18190428_1_1_th.jpg
kylxkee_18190428_4_1.jpg,/objects/kylxkee_18190428_4_1.jpg,/objects/small/kylxkee_18190428_4_1_sm.jpg,/objects/thumbs/kylxkee_18190428_4_1_th.jpg
kylxkee_18190430_1_1.jpg,/objects/kylxkee_18190430_1_1.jpg,/objects/small/kylxkee_18190430_1_1_sm.jpg,/objects/thumbs/kylxkee_18190430_1_1_th.jpg
kylxkee_18190430_3_1.jpg,/objects/kylxkee_18190430_3_1.jpg,/objects/small/kylxkee_18190430_3_1_sm.jpg,/objects/thumbs/kylxkee_18190430_3_1_th.jpg
kylxkee_18190430_4_1.jpg,/objects/kylxkee_18190430_4_1.jpg,/objects/small/kylxkee_18190430_4_1_sm.jpg,/objects/thumbs/kylxkee_18190430_4_1_th.jpg
kylxkee_18190507_1_1.jpg,/objects/kylxkee_18190507_1_1.jpg,/objects/small/kylxkee_18190507_1_1_sm.jpg,/objects/thumbs/kylxkee_18190507_1_1_th.jpg
kylxkee_18190507_3_1.jpg,/objects/kylxkee_18190507_3_1.jpg,/objects/small/kylxkee_18190507_3_1_sm.jpg,/objects/thumbs/kylxkee_18190507_3_1_th.jpg
kylxkee_18190507_4_1.jpg,/objects/kylxkee_18190507_4_1.jpg,/objects/small/kylxkee_18190507_4_1_sm.jpg,/objects/thumbs/kylxkee_18190507_4_1_th.jpg
kylxkee_18190514_4_1.jpg,/objects/kylxkee_18190514_4_1.jpg,/objects/small/kylxkee_18190514_4_1_sm.jpg,/objects/thumbs/kylxkee_18190514_4_1_th.jpg
kylxkee_18190514_4_2.jpg,/objects/kylxkee_18190514_4_2.jpg,/objects/small/kylxkee_18190514_4_2_sm.jpg,/objects/thumbs/kylxkee_18190514_4_2_th.jpg
kylxkee_18190521_4_1.jpg,/objects/kylxkee_18190521_4_1.jpg,/objects/small/kylxkee_18190521_4_1_sm.jpg,/objects/thumbs/kylxkee_18190521_4_1_th.jpg
kylxkee_18190521_4_2.jpg,/objects/kylxkee_18190521_4_2.jpg,/objects/small/kylxkee_18190521_4_2_sm.jpg,/objects/thumbs/kylxkee_18190521_4_2_th.jpg
kylxkee_18190625_3_1.jpg,/objects/kylxkee_18190625_3_1.jpg,/objects/small/kylxkee_18190625_3_1_sm.jpg,/objects/thumbs/kylxkee_18190625_3_1_th.jpg
kylxkee_18190702_3_1.jpg,/objects/kylxkee_18190702_3_1.jpg,/objects/small/kylxkee_18190702_3_1_sm.jpg,/objects/thumbs/kylxkee_18190702_3_1_th.jpg
kylxkee_18190702_3_2.jpg,/objects/kylxkee_18190702_3_2.jpg,/objects/small/kylxkee_18190702_3_2_sm.jpg,/objects/thumbs/kylxkee_18190702_3_2_th.jpg
kylxkee_18190709_1_1.jpg,/objects/kylxkee_18190709_1_1.jpg,/objects/small/kylxkee_18190709_1_1_sm.jpg,/objects/thumbs/kylxkee_18190709_1_1_th.jpg
kylxkee_18190709_4_1.jpg,/objects/kylxkee_18190709_4_1.jpg,/objects/small/kylxkee_18190709_4_1_sm.jpg,/objects/thumbs/kylxkee_18190709_4_1_th.jpg
kylxkee_18190716_4_1.jpg,/objects/kylxkee_18190716_4_1.jpg,/objects/small/kylxkee_18190716_4_1_sm.jpg,/objects/thumbs/kylxkee_18190716_4_1_th.jpg
kylxkez_18040103_2_1.jpg,/objects/kylxkez_18040103_2_1.jpg,/objects/small/kylxkez_18040103_2_1_sm.jpg,/objects/thumbs/kylxkez_18040103_2_1_th.jpg
kylxkez_18040103_3_1.jpg,/objects/kylxkez_18040103_3_1.jpg,/objects/small/kylxkez_18040103_3_1_sm.jpg,/objects/thumbs/kylxkez_18040103_3_1_th.jpg
kylxkez_18040103_4_1.jpg,/objects/kylxkez_18040103_4_1.jpg,/objects/small/kylxkez_18040103_4_1_sm.jpg,/objects/thumbs/kylxkez_18040103_4_1_th.jpg
kylxkez_18040110_1_1.jpg,/objects/kylxkez_18040110_1_1.jpg,/objects/small/kylxkez_18040110_1_1_sm.jpg,/objects/thumbs/kylxkez_18040110_1_1_th.jpg
kylxkez_18040110_4_1.jpg,/objects/kylxkez_18040110_4_1.jpg,/objects/small/kylxkez_18040110_4_1_sm.jpg,/objects/thumbs/kylxkez_18040110_4_1_th.jpg
kylxkez_18040117_1_1.jpg,/objects/kylxkez_18040117_1_1.jpg,/objects/small/kylxkez_18040117_1_1_sm.jpg,/objects/thumbs/kylxkez_18040117_1_1_th.jpg
kylxkez_18040117_4_1.jpg,/objects/kylxkez_18040117_4_1.jpg,/objects/small/kylxkez_18040117_4_1_sm.jpg,/objects/thumbs/kylxkez_18040117_4_1_th.jpg
kylxkez_18040207_3_1.jpg,/objects/kylxkez_18040207_3_1.jpg,/objects/small/kylxkez_18040207_3_1_sm.jpg,/objects/thumbs/kylxkez_18040207_3_1_th.jpg
kylxkez_18040214_2_1.jpg,/objects/kylxkez_18040214_2_1.jpg,/objects/small/kylxkez_18040214_2_1_sm.jpg,/objects/thumbs/kylxkez_18040214_2_1_th.jpg
kylxkez_18040221_3_1.jpg,/objects/kylxkez_18040221_3_1.jpg,/objects/small/kylxkez_18040221_3_1_sm.jpg,/objects/thumbs/kylxkez_18040221_3_1_th.jpg
kylxkez_18040221_3_2.jpg,/objects/kylxkez_18040221_3_2.jpg,/objects/small/kylxkez_18040221_3_2_sm.jpg,/objects/thumbs/kylxkez_18040221_3_2_th.jpg
kylxkez_18040228_3_1.jpg,/objects/kylxkez_18040228_3_1.jpg,/objects/small/kylxkez_18040228_3_1_sm.jpg,/objects/thumbs/kylxkez_18040228_3_1_th.jpg
kylxkez_18040228_4_1.jpg,/objects/kylxkez_18040228_4_1.jpg,/objects/small/kylxkez_18040228_4_1_sm.jpg,/objects/thumbs/kylxkez_18040228_4_1_th.jpg
kylxkez_18040306_1_1.jpg,/objects/kylxkez_18040306_1_1.jpg,/objects/small/kylxkez_18040306_1_1_sm.jpg,/objects/thumbs/kylxkez_18040306_1_1_th.jpg
kylxkez_18040417_3_1.jpg,/objects/kylxkez_18040417_3_1.jpg,/objects/small/kylxkez_18040417_3_1_sm.jpg,/objects/thumbs/kylxkez_18040417_3_1_th.jpg
kylxkez_18040424_3_1.jpg,/objects/kylxkez_18040424_3_1.jpg,/objects/small/kylxkez_18040424_3_1_sm.jpg,/objects/thumbs/kylxkez_18040424_3_1_th.jpg
kylxkez_18040424_3_2.jpg,/objects/kylxkez_18040424_3_2.jpg,/objects/small/kylxkez_18040424_3_2_sm.jpg,/objects/thumbs/kylxkez_18040424_3_2_th.jpg
kylxkez_18040501_1_1.jpg,/objects/kylxkez_18040501_1_1.jpg,/objects/small/kylxkez_18040501_1_1_sm.jpg,/objects/thumbs/kylxkez_18040501_1_1_th.jpg
kylxkez_18040501_6_1.jpg,/objects/kylxkez_18040501_6_1.jpg,/objects/small/kylxkez_18040501_6_1_sm.jpg,/objects/thumbs/kylxkez_18040501_6_1_th.jpg
kylxkez_18040508_1_1.jpg,/objects/kylxkez_18040508_1_1.jpg,/objects/small/kylxkez_18040508_1_1_sm.jpg,/objects/thumbs/kylxkez_18040508_1_1_th.jpg
